Round,Round Name,Match ID,Home Team,Away Team,UTC Time,Finished,Started,Cancelled,Awarded,Score,Match Status,
1,1,4205343,Almeria,Rayo Vallecano,2023-08-11T17:30:00Z,TRUE,TRUE,FALSE,FALSE,0 _ 2,Full-Time,
1,1,4205347,Sevilla,Valencia,2023-08-11T20:00:00Z,TRUE,TRUE,FALSE,FALSE,1_2,Full-Time,
1,1,4205351,Real Sociedad,Girona,2023-08-12T15:00:00Z,TRUE,TRUE,FALSE,FALSE,1_1,Full-Time,
1,1,4205348,Las Palmas,Mallorca,2023-08-12T17:30:00Z,TRUE,TRUE,FALSE,FALSE,1_1,Full-Time,
1,1,4205344,Athletic Club,Real Madrid,2023-08-12T19:30:00Z,TRUE,TRUE,FALSE,FALSE,0 _ 2,Full-Time,
1,1,4205346,Celta Vigo,Osasuna,2023-08-13T15:00:00Z,TRUE,TRUE,FALSE,FALSE,0 _ 2,Full-Time,
1,1,4205350,Villarreal,Real Betis,2023-08-13T17:30:00Z,TRUE,TRUE,FALSE,FALSE,1_2,Full-Time,
1,1,4205349,Getafe,Barcelona,2023-08-13T19:30:00Z,TRUE,TRUE,FALSE,FALSE,0 _ 0,Full-Time,
1,1,4205352,Cadiz,Deportivo Alaves,2023-08-14T17:30:00Z,TRUE,TRUE,FALSE,FALSE,1_0,Full-Time,
1,1,4205345,Atletico Madrid,Granada,2023-08-14T19:30:00Z,TRUE,TRUE,FALSE,FALSE,3_1,Full-Time,
2,2,4205355,Mallorca,Villarreal,2023-08-18T17:30:00Z,TRUE,TRUE,FALSE,FALSE,0 _ 1,Full-Time,
2,2,4205362,Valencia,Las Palmas,2023-08-18T19:30:00Z,TRUE,TRUE,FALSE,FALSE,1_0,Full-Time,
2,2,4205360,Real Sociedad,Celta Vigo,2023-08-19T15:00:00Z,TRUE,TRUE,FALSE,FALSE,1_1,Full-Time,
2,2,4205353,Almeria,Real Madrid,2023-08-19T17:30:00Z,TRUE,TRUE,FALSE,FALSE,1_3,Full-Time,
2,2,4205358,Osasuna,Athletic Club,2023-08-19T19:30:00Z,TRUE,TRUE,FALSE,FALSE,0 _ 2,Full-Time,
2,2,4205361,Girona,Getafe,2023-08-20T17:00:00Z,TRUE,TRUE,FALSE,FALSE,3_0,Full-Time,
2,2,4205354,Barcelona,Cadiz,2023-08-20T17:30:00Z,TRUE,TRUE,FALSE,FALSE,2_0,Full-Time,
2,2,4205359,Real Betis,Atletico Madrid,2023-08-20T19:30:00Z,TRUE,TRUE,FALSE,FALSE,0 _ 0,Full-Time,
2,2,4205357,Deportivo Alaves,Sevilla,2023-08-21T17:00:00Z,TRUE,TRUE,FALSE,FALSE,4_3,Full-Time,
2,2,4205356,Granada,Rayo Vallecano,2023-08-21T19:30:00Z,TRUE,TRUE,FALSE,FALSE,0 _ 2,Full-Time,
3,3,4205366,Las Palmas,Real Sociedad,2023-08-25T17:30:00Z,TRUE,TRUE,FALSE,FALSE,0 _ 0,Full-Time,
3,3,4205364,Celta Vigo,Real Madrid,2023-08-25T19:30:00Z,TRUE,TRUE,FALSE,FALSE,0 _ 1,Full-Time,
3,3,4205367,Cadiz,Almeria,2023-08-26T17:00:00Z,TRUE,TRUE,FALSE,FALSE,1_1,Full-Time,
3,3,4205365,Granada,Mallorca,2023-08-26T17:30:00Z,TRUE,TRUE,FALSE,FALSE,3_2,Full-Time,
3,3,4205370,Sevilla,Girona,2023-08-26T19:30:00Z,TRUE,TRUE,FALSE,FALSE,1_2,Full-Time,
3,3,4205369,Villarreal,Barcelona,2023-08-27T15:30:00Z,TRUE,TRUE,FALSE,FALSE,3_4,Full-Time,
3,3,4205371,Valencia,Osasuna,2023-08-27T17:30:00Z,TRUE,TRUE,FALSE,FALSE,1_2,Full-Time,
3,3,4205363,Athletic Club,Real Betis,2023-08-27T19:30:00Z,TRUE,TRUE,FALSE,FALSE,4_2,Full-Time,
3,3,4205372,Getafe,Deportivo Alaves,2023-08-28T17:30:00Z,TRUE,TRUE,FALSE,FALSE,1_0,Full-Time,
3,3,4205368,Rayo Vallecano,Atletico Madrid,2023-08-28T19:30:00Z,TRUE,TRUE,FALSE,FALSE,0 _ 7,Full-Time,
4,4,4205376,Cadiz,Villarreal,2023-09-01T17:30:00Z,TRUE,TRUE,FALSE,FALSE,3_1,Full-Time,
4,4,4205373,Almeria,Celta Vigo,2023-09-01T20:00:00Z,TRUE,TRUE,FALSE,FALSE,2_3,Full-Time,
4,4,4205382,Real Sociedad,Granada,2023-09-02T12:00:00Z,TRUE,TRUE,FALSE,FALSE,5_3,Full-Time,
4,4,4205381,Real Madrid,Getafe,2023-09-02T14:15:00Z,TRUE,TRUE,FALSE,FALSE,2_1,Full-Time,
4,4,4205378,Deportivo Alaves,Valencia,2023-09-02T16:30:00Z,TRUE,TRUE,FALSE,FALSE,1_0,Full-Time,
4,4,4205375,Real Betis,Rayo Vallecano,2023-09-02T19:00:00Z,TRUE,TRUE,FALSE,FALSE,1_0,Full-Time,
4,4,4205377,Girona,Las Palmas,2023-09-03T12:00:00Z,TRUE,TRUE,FALSE,FALSE,1_0,Full-Time,
4,4,4205379,Mallorca,Athletic Club,2023-09-03T14:15:00Z,TRUE,TRUE,FALSE,FALSE,0 _ 0,Full-Time,
4,4,4205380,Osasuna,Barcelona,2023-09-03T19:00:00Z,TRUE,TRUE,FALSE,FALSE,1_2,Full-Time,
5,5,4205392,Rayo Vallecano,Deportivo Alaves,2023-09-15T19:00:00Z,TRUE,TRUE,FALSE,FALSE,2_0,Full-Time,
5,5,4205383,Athletic Club,Cadiz,2023-09-16T12:00:00Z,TRUE,TRUE,FALSE,FALSE,3_0,Full-Time,
5,5,4205389,Valencia,Atletico Madrid,2023-09-16T14:15:00Z,TRUE,TRUE,FALSE,FALSE,3_0,Full-Time,
5,5,4205385,Celta Vigo,Mallorca,2023-09-16T16:30:00Z,TRUE,TRUE,FALSE,FALSE,0 _ 1,Full-Time,
5,5,4205384,Barcelona,Real Betis,2023-09-16T19:00:00Z,TRUE,TRUE,FALSE,FALSE,5_0,Full-Time,
5,5,4205386,Getafe,Osasuna,2023-09-17T12:00:00Z,TRUE,TRUE,FALSE,FALSE,3_2,Full-Time,
5,5,4205388,Villarreal,Almeria,2023-09-17T14:15:00Z,TRUE,TRUE,FALSE,FALSE,2_1,Full-Time,
5,5,4205391,Sevilla,Las Palmas,2023-09-17T16:30:00Z,TRUE,TRUE,FALSE,FALSE,1_0,Full-Time,
5,5,4205387,Real Madrid,Real Sociedad,2023-09-17T19:00:00Z,TRUE,TRUE,FALSE,FALSE,2_1,Full-Time,
5,5,4205390,Granada,Girona,2023-09-18T19:00:00Z,TRUE,TRUE,FALSE,FALSE,2_4,Full-Time,
6,6,4205400,Deportivo Alaves,Athletic Club,2023-09-22T19:00:00Z,TRUE,TRUE,FALSE,FALSE,0 _ 2,Full-Time,
6,6,4205397,Girona,Mallorca,2023-09-23T12:00:00Z,TRUE,TRUE,FALSE,FALSE,5_3,Full-Time,
6,6,4205398,Osasuna,Sevilla,2023-09-23T14:15:00Z,TRUE,TRUE,FALSE,FALSE,0 _ 0,Full-Time,
6,6,4205395,Barcelona,Celta Vigo,2023-09-23T16:30:00Z,TRUE,TRUE,FALSE,FALSE,3_2,Full-Time,
6,6,4205393,Almeria,Valencia,2023-09-23T19:00:00Z,TRUE,TRUE,FALSE,FALSE,2_2,Full-Time,
6,6,4205401,Real Sociedad,Getafe,2023-09-24T12:00:00Z,TRUE,TRUE,FALSE,FALSE,4_3,Full-Time,
6,6,4205399,Rayo Vallecano,Villarreal,2023-09-24T14:15:00Z,TRUE,TRUE,FALSE,FALSE,1_1,Full-Time,
6,6,4205402,Las Palmas,Granada,2023-09-24T16:30:00Z,TRUE,TRUE,FALSE,FALSE,1_0,Full-Time,
6,6,4205396,Real Betis,Cadiz,2023-09-24T16:30:00Z,TRUE,TRUE,FALSE,FALSE,1_1,Full-Time,
6,6,4205394,Atletico Madrid,Real Madrid,2023-09-24T19:00:00Z,TRUE,TRUE,FALSE,FALSE,3_1,Full-Time,
7,7,4205405,Sevilla,Almeria,2023-09-26T17:00:00Z,TRUE,TRUE,FALSE,FALSE,5_1,Full-Time,
7,7,4205407,Mallorca,Barcelona,2023-09-26T19:30:00Z,TRUE,TRUE,FALSE,FALSE,2_2,Full-Time,
7,7,4205403,Athletic Club,Getafe,2023-09-27T17:00:00Z,TRUE,TRUE,FALSE,FALSE,2_2,Full-Time,
7,7,4205411,Real Madrid,Las Palmas,2023-09-27T17:00:00Z,TRUE,TRUE,FALSE,FALSE,2_0,Full-Time,
7,7,4205409,Villarreal,Girona,2023-09-27T17:00:00Z,TRUE,TRUE,FALSE,FALSE,1_2,Full-Time,
7,7,4205404,Cadiz,Rayo Vallecano,2023-09-27T19:30:00Z,TRUE,TRUE,FALSE,FALSE,0 _ 0,Full-Time,
7,7,4205410,Valencia,Real Sociedad,2023-09-27T19:30:00Z,TRUE,TRUE,FALSE,FALSE,0 _ 1,Full-Time,
7,7,4205412,Celta Vigo,Deportivo Alaves,2023-09-28T17:00:00Z,TRUE,TRUE,FALSE,FALSE,1_1,Full-Time,
7,7,4205408,Granada,Real Betis,2023-09-28T17:00:00Z,TRUE,TRUE,FALSE,FALSE,1_1,Full-Time,
7,7,4205406,Osasuna,Atletico Madrid,2023-09-28T19:30:00Z,TRUE,TRUE,FALSE,FALSE,0 _ 2,Full-Time,
8,8,4205415,Barcelona,Sevilla,2023-09-29T19:00:00Z,TRUE,TRUE,FALSE,FALSE,1_0,Full-Time,
8,8,4205417,Getafe,Villarreal,2023-09-30T12:00:00Z,TRUE,TRUE,FALSE,FALSE,0 _ 0,Full-Time,
8,8,4205422,Rayo Vallecano,Mallorca,2023-09-30T14:15:00Z,TRUE,TRUE,FALSE,FALSE,2_2,Full-Time,
8,8,4205418,Girona,Real Madrid,2023-09-30T16:30:00Z,TRUE,TRUE,FALSE,FALSE,0 _ 3,Full-Time,
8,8,4205420,Real Sociedad,Athletic Club,2023-09-30T19:00:00Z,TRUE,TRUE,FALSE,FALSE,3_0,Full-Time,
8,8,4205413,Almeria,Granada,2023-10-01T12:00:00Z,TRUE,TRUE,FALSE,FALSE,3_3,Full-Time,
8,8,4205419,Deportivo Alaves,Osasuna,2023-10-01T14:15:00Z,TRUE,TRUE,FALSE,FALSE,0 _ 2,Full-Time,
8,8,4205414,Atletico Madrid,Cadiz,2023-10-01T19:00:00Z,TRUE,TRUE,FALSE,FALSE,3_2,Full-Time,
8,8,4205416,Real Betis,Valencia,2023-10-01T19:00:00Z,TRUE,TRUE,FALSE,FALSE,3_0,Full-Time,
8,8,4205421,Las Palmas,Celta Vigo,2023-10-02T19:00:00Z,TRUE,TRUE,FALSE,FALSE,2_1,Full-Time,
9,9,4205428,Athletic Club,Almeria,2023-10-06T19:00:00Z,TRUE,TRUE,FALSE,FALSE,3_0,Full-Time,
9,9,4205424,Cadiz,Girona,2023-10-07T12:00:00Z,TRUE,TRUE,FALSE,FALSE,0 _ 1,Full-Time,
9,9,4205430,Real Madrid,Osasuna,2023-10-07T14:15:00Z,TRUE,TRUE,FALSE,FALSE,4_0,Full-Time,
9,9,4205426,Mallorca,Valencia,2023-10-07T16:30:00Z,TRUE,TRUE,FALSE,FALSE,1_1,Full-Time,
9,9,4205431,Sevilla,Rayo Vallecano,2023-10-07T19:00:00Z,TRUE,TRUE,FALSE,FALSE,2_2,Full-Time,
9,9,4205432,Villarreal,Las Palmas,2023-10-08T12:00:00Z,TRUE,TRUE,FALSE,FALSE,1_2,Full-Time,
9,9,4205423,Atletico Madrid,Real Sociedad,2023-10-08T14:15:00Z,TRUE,TRUE,FALSE,FALSE,2_1,Full-Time,
9,9,4205425,Celta Vigo,Getafe,2023-10-08T16:30:00Z,TRUE,TRUE,FALSE,FALSE,2_2,Full-Time,
9,9,4205427,Deportivo Alaves,Real Betis,2023-10-08T16:30:00Z,TRUE,TRUE,FALSE,FALSE,1_1,Full-Time,
9,9,4205429,Granada,Barcelona,2023-10-08T19:00:00Z,TRUE,TRUE,FALSE,FALSE,2_2,Full-Time,
10,10,4205441,Osasuna,Granada,2023-10-20T19:00:00Z,TRUE,TRUE,FALSE,FALSE,2_0,Full-Time,
10,10,4205439,Real Sociedad,Mallorca,2023-10-21T12:00:00Z,TRUE,TRUE,FALSE,FALSE,1_0,Full-Time,
10,10,4205437,Getafe,Real Betis,2023-10-21T14:15:00Z,TRUE,TRUE,FALSE,FALSE,1_1,Full-Time,
10,10,4205440,Sevilla,Real Madrid,2023-10-21T16:30:00Z,TRUE,TRUE,FALSE,FALSE,1_1,Full-Time,
10,10,4205436,Celta Vigo,Atletico Madrid,2023-10-21T19:00:00Z,TRUE,TRUE,FALSE,FALSE,0 _ 3,Full-Time,
10,10,4205433,Las Palmas,Rayo Vallecano,2023-10-22T12:00:00Z,TRUE,TRUE,FALSE,FALSE,0 _ 1,Full-Time,
10,10,4205434,Girona,Almeria,2023-10-22T14:15:00Z,TRUE,TRUE,FALSE,FALSE,5_2,Full-Time,
10,10,4205442,Villarreal,Deportivo Alaves,2023-10-22T16:30:00Z,TRUE,TRUE,FALSE,FALSE,1_1,Full-Time,
10,10,4205435,Barcelona,Athletic Club,2023-10-22T19:00:00Z,TRUE,TRUE,FALSE,FALSE,1_0,Full-Time,
10,10,4205438,Valencia,Cadiz,2023-10-23T19:00:00Z,TRUE,TRUE,FALSE,FALSE,2_0,Full-Time,
11,11,4205450,Girona,Celta Vigo,2023-10-27T19:00:00Z,TRUE,TRUE,FALSE,FALSE,1_0,Full-Time,
11,11,4205443,Almeria,Las Palmas,2023-10-28T12:00:00Z,TRUE,TRUE,FALSE,FALSE,1_2,Full-Time,
11,11,4205445,Barcelona,Real Madrid,2023-10-28T14:15:00Z,TRUE,TRUE,FALSE,FALSE,1_2,Full-Time,
11,11,4205451,Mallorca,Getafe,2023-10-28T16:30:00Z,TRUE,TRUE,FALSE,FALSE,0 _ 0,Full-Time,
11,11,4205447,Cadiz,Sevilla,2023-10-28T19:00:00Z,TRUE,TRUE,FALSE,FALSE,2_2,Full-Time,
11,11,4205446,Real Betis,Osasuna,2023-10-29T13:00:00Z,TRUE,TRUE,FALSE,FALSE,2_1,Full-Time,
11,11,4205448,Rayo Vallecano,Real Sociedad,2023-10-29T15:15:00Z,TRUE,TRUE,FALSE,FALSE,2_2,Full-Time,
11,11,4205444,Athletic Club,Valencia,2023-10-29T17:30:00Z,TRUE,TRUE,FALSE,FALSE,2_2,Full-Time,
11,11,4205452,Atletico Madrid,Deportivo Alaves,2023-10-29T20:00:00Z,TRUE,TRUE,FALSE,FALSE,2_1,Full-Time,
11,11,4205449,Granada,Villarreal,2023-10-30T20:00:00Z,TRUE,TRUE,FALSE,FALSE,2_3,Full-Time,
12,12,4205457,Las Palmas,Atletico Madrid,2023-11-03T20:00:00Z,TRUE,TRUE,FALSE,FALSE,2_1,Full-Time,
12,12,4205460,Osasuna,Girona,2023-11-04T13:00:00Z,TRUE,TRUE,FALSE,FALSE,2_4,Full-Time,
12,12,4205453,Real Betis,Mallorca,2023-11-04T15:15:00Z,TRUE,TRUE,FALSE,FALSE,2_0,Full-Time,
12,12,4205454,Celta Vigo,Sevilla,2023-11-04T17:30:00Z,TRUE,TRUE,FALSE,FALSE,1_1,Full-Time,
12,12,4205458,Real Sociedad,Barcelona,2023-11-04T20:00:00Z,TRUE,TRUE,FALSE,FALSE,0 _ 1,Full-Time,
12,12,4205455,Deportivo Alaves,Almeria,2023-11-05T13:00:00Z,TRUE,TRUE,FALSE,FALSE,1_0,Full-Time,
12,12,4205462,Valencia,Granada,2023-11-05T15:15:00Z,TRUE,TRUE,FALSE,FALSE,1_0,Full-Time,
12,12,4205456,Villarreal,Athletic Club,2023-11-05T17:30:00Z,TRUE,TRUE,FALSE,FALSE,2_3,Full-Time,
12,12,4205461,Real Madrid,Rayo Vallecano,2023-11-05T20:00:00Z,TRUE,TRUE,FALSE,FALSE,0 _ 0,Full-Time,
12,12,4205459,Getafe,Cadiz,2023-11-06T20:00:00Z,TRUE,TRUE,FALSE,FALSE,1_0,Full-Time,
13,13,4205464,Athletic Club,Celta Vigo,2023-11-10T20:00:00Z,TRUE,TRUE,FALSE,FALSE,4_3,Full-Time,
13,13,4205470,Rayo Vallecano,Girona,2023-11-11T13:00:00Z,TRUE,TRUE,FALSE,FALSE,1_2,Full-Time,
13,13,4205463,Almeria,Real Sociedad,2023-11-11T15:15:00Z,TRUE,TRUE,FALSE,FALSE,1_3,Full-Time,
13,13,4205469,Granada,Getafe,2023-11-11T17:30:00Z,TRUE,TRUE,FALSE,FALSE,1_1,Full-Time,
13,13,4205471,Osasuna,Las Palmas,2023-11-11T17:30:00Z,TRUE,TRUE,FALSE,FALSE,1_1,Full-Time,
13,13,4205466,Real Madrid,Valencia,2023-11-11T20:00:00Z,TRUE,TRUE,FALSE,FALSE,5_1,Full-Time,
13,13,4205472,Barcelona,Deportivo Alaves,2023-11-12T15:15:00Z,TRUE,TRUE,FALSE,FALSE,2_1,Full-Time,
13,13,4205467,Sevilla,Real Betis,2023-11-12T17:30:00Z,TRUE,TRUE,FALSE,FALSE,1_1,Full-Time,
13,13,4205465,Atletico Madrid,Villarreal,2023-11-12T20:00:00Z,TRUE,TRUE,FALSE,FALSE,3_1,Full-Time,
14,14,4205477,Deportivo Alaves,Granada,2023-11-24T20:00:00Z,TRUE,TRUE,FALSE,FALSE,3_1,Full-Time,
14,14,4205480,Rayo Vallecano,Barcelona,2023-11-25T13:00:00Z,TRUE,TRUE,FALSE,FALSE,1_1,Full-Time,
14,14,4205481,Valencia,Celta Vigo,2023-11-25T15:15:00Z,TRUE,TRUE,FALSE,FALSE,0 _ 0,Full-Time,
14,14,4205478,Getafe,Almeria,2023-11-25T17:30:00Z,TRUE,TRUE,FALSE,FALSE,2_1,Full-Time,
14,14,4205473,Atletico Madrid,Mallorca,2023-11-25T20:00:00Z,TRUE,TRUE,FALSE,FALSE,1_0,Full-Time,
14,14,4205482,Villarreal,Osasuna,2023-11-26T13:00:00Z,TRUE,TRUE,FALSE,FALSE,3_1,Full-Time,
14,14,4205476,Real Sociedad,Sevilla,2023-11-26T15:15:00Z,TRUE,TRUE,FALSE,FALSE,2_1,Full-Time,
14,14,4205475,Cadiz,Real Madrid,2023-11-26T17:30:00Z,TRUE,TRUE,FALSE,FALSE,0 _ 3,Full-Time,
14,14,4205474,Real Betis,Las Palmas,2023-11-26T20:00:00Z,TRUE,TRUE,FALSE,FALSE,1_0,Full-Time,
14,14,4205479,Girona,Athletic Club,2023-11-27T20:00:00Z,TRUE,TRUE,FALSE,FALSE,1_1,Full-Time,
13,13,4205468,Mallorca,Cadiz,2023-11-29T20:00:00Z,TRUE,TRUE,FALSE,FALSE,1_1,Full-Time,
15,15,4205490,Las Palmas,Getafe,2023-12-01T20:00:00Z,TRUE,TRUE,FALSE,FALSE,2_0,Full-Time,
15,15,4205485,Girona,Valencia,2023-12-02T13:00:00Z,TRUE,TRUE,FALSE,FALSE,2_1,Full-Time,
15,15,4205484,Athletic Club,Rayo Vallecano,2023-12-02T15:15:00Z,TRUE,TRUE,FALSE,FALSE,4_0,Full-Time,
15,15,4205491,Real Madrid,Granada,2023-12-02T17:30:00Z,TRUE,TRUE,FALSE,FALSE,2_0,Full-Time,
15,15,4205486,Osasuna,Real Sociedad,2023-12-02T20:00:00Z,TRUE,TRUE,FALSE,FALSE,1_1,Full-Time,
15,15,4205492,Mallorca,Deportivo Alaves,2023-12-03T13:00:00Z,TRUE,TRUE,FALSE,FALSE,0 _ 0,Full-Time,
15,15,4205483,Almeria,Real Betis,2023-12-03T15:15:00Z,TRUE,TRUE,FALSE,FALSE,0 _ 0,Full-Time,
15,15,4205487,Sevilla,Villarreal,2023-12-03T17:30:00Z,TRUE,TRUE,FALSE,FALSE,1_1,Full-Time,
15,15,4205488,Barcelona,Atletico Madrid,2023-12-03T20:00:00Z,TRUE,TRUE,FALSE,FALSE,1_0,Full-Time,
15,15,4205489,Celta Vigo,Cadiz,2023-12-04T20:00:00Z,TRUE,TRUE,FALSE,FALSE,1_1,Full-Time,
16,16,4205496,Getafe,Valencia,2023-12-08T20:00:00Z,TRUE,TRUE,FALSE,FALSE,1_0,Full-Time,
16,16,4205498,Deportivo Alaves,Las Palmas,2023-12-09T13:00:00Z,TRUE,TRUE,FALSE,FALSE,0 _ 1,Full-Time,
16,16,4205494,Real Betis,Real Madrid,2023-12-09T15:15:00Z,TRUE,TRUE,FALSE,FALSE,1_1,Full-Time,
16,16,4205502,Villarreal,Real Sociedad,2023-12-09T17:30:00Z,TRUE,TRUE,FALSE,FALSE,0 _ 3,Full-Time,
16,16,4205497,Mallorca,Sevilla,2023-12-09T20:00:00Z,TRUE,TRUE,FALSE,FALSE,1_0,Full-Time,
16,16,4205499,Atletico Madrid,Almeria,2023-12-10T13:00:00Z,TRUE,TRUE,FALSE,FALSE,2_1,Full-Time,
16,16,4205495,Cadiz,Osasuna,2023-12-10T17:30:00Z,TRUE,TRUE,FALSE,FALSE,1_1,Full-Time,
16,16,4205493,Barcelona,Girona,2023-12-10T20:00:00Z,TRUE,TRUE,FALSE,FALSE,2_4,Full-Time,
16,16,4205500,Granada,Athletic Club,2023-12-11T20:00:00Z,TRUE,TRUE,FALSE,FALSE,1_1,Full-Time,
16,16,4205501,Rayo Vallecano,Celta Vigo,2023-12-11T20:00:00Z,TRUE,TRUE,FALSE,FALSE,0 _ 0,Full-Time,
17,17,4205506,Osasuna,Rayo Vallecano,2023-12-15T20:00:00Z,TRUE,TRUE,FALSE,FALSE,1_0,Full-Time,
17,17,4205505,Celta Vigo,Granada,2023-12-16T13:00:00Z,TRUE,TRUE,FALSE,FALSE,1_0,Full-Time,
17,17,4205504,Athletic Club,Atletico Madrid,2023-12-16T15:15:00Z,TRUE,TRUE,FALSE,FALSE,2_0,Full-Time,
17,17,4205511,Sevilla,Getafe,2023-12-16T17:30:00Z,TRUE,TRUE,FALSE,FALSE,0 _ 3,Full-Time,
17,17,4205508,Valencia,Barcelona,2023-12-16T20:00:00Z,TRUE,TRUE,FALSE,FALSE,1_1,Full-Time,
17,17,4205503,Almeria,Mallorca,2023-12-17T13:00:00Z,TRUE,TRUE,FALSE,FALSE,0 _ 0,Full-Time,
17,17,4205509,Real Sociedad,Real Betis,2023-12-17T15:15:00Z,TRUE,TRUE,FALSE,FALSE,0 _ 0,Full-Time,
17,17,4205510,Las Palmas,Cadiz,2023-12-17T17:30:00Z,TRUE,TRUE,FALSE,FALSE,1_1,Full-Time,
17,17,4205507,Real Madrid,Villarreal,2023-12-17T20:00:00Z,TRUE,TRUE,FALSE,FALSE,4_1,Full-Time,
17,17,4205512,Girona,Deportivo Alaves,2023-12-18T20:00:00Z,TRUE,TRUE,FALSE,FALSE,3_0,Full-Time,
18,18,4205518,Rayo Vallecano,Valencia,2023-12-19T18:00:00Z,TRUE,TRUE,FALSE,FALSE,0 _ 1,Full-Time,
18,18,4205514,Atletico Madrid,Getafe,2023-12-19T20:30:00Z,TRUE,TRUE,FALSE,FALSE,3_3,Full-Time,
18,18,4205519,Granada,Sevilla,2023-12-19T20:30:00Z,TRUE,TRUE,FALSE,FALSE,0 _ 3,Full-Time,
18,18,4205521,Barcelona,Almeria,2023-12-20T18:00:00Z,TRUE,TRUE,FALSE,FALSE,3_2,Full-Time,
18,18,4205513,Athletic Club,Las Palmas,2023-12-20T20:30:00Z,TRUE,TRUE,FALSE,FALSE,1_0,Full-Time,
18,18,4205522,Villarreal,Celta Vigo,2023-12-20T20:30:00Z,TRUE,TRUE,FALSE,FALSE,3_2,Full-Time,
18,18,4205516,Cadiz,Real Sociedad,2023-12-21T18:00:00Z,TRUE,TRUE,FALSE,FALSE,0 _ 0,Full-Time,
18,18,4205515,Real Betis,Girona,2023-12-21T18:00:00Z,TRUE,TRUE,FALSE,FALSE,1_1,Full-Time,
18,18,4205520,Deportivo Alaves,Real Madrid,2023-12-21T20:30:00Z,TRUE,TRUE,FALSE,FALSE,0 _ 1,Full-Time,
18,18,4205517,Mallorca,Osasuna,2023-12-21T20:30:00Z,TRUE,TRUE,FALSE,FALSE,3_2,Full-Time,
4,4,4205374,Atletico Madrid,Sevilla,2023-12-23T15:15:00Z,TRUE,TRUE,FALSE,FALSE,1_0,Full-Time,
19,19,4205523,Getafe,Rayo Vallecano,2024-01-02T16:00:00Z,TRUE,TRUE,FALSE,FALSE,0 _ 2,Full-Time,
19,19,4205532,Real Sociedad,Deportivo Alaves,2024-01-02T18:15:00Z,TRUE,TRUE,FALSE,FALSE,1_1,Full-Time,
19,19,4205524,Valencia,Villarreal,2024-01-02T20:30:00Z,TRUE,TRUE,FALSE,FALSE,3_1,Full-Time,
19,19,4205530,Granada,Cadiz,2024-01-03T16:00:00Z,TRUE,TRUE,FALSE,FALSE,2_0,Full-Time,
19,19,4205529,Celta Vigo,Real Betis,2024-01-03T18:15:00Z,TRUE,TRUE,FALSE,FALSE,2_1,Full-Time,
19,19,4205531,Real Madrid,Mallorca,2024-01-03T18:15:00Z,TRUE,TRUE,FALSE,FALSE,1_0,Full-Time,
19,19,4205527,Girona,Atletico Madrid,2024-01-03T20:30:00Z,TRUE,TRUE,FALSE,FALSE,4_3,Full-Time,
19,19,4205525,Osasuna,Almeria,2024-01-04T16:00:00Z,TRUE,TRUE,FALSE,FALSE,1_0,Full-Time,
19,19,4205526,Sevilla,Athletic Club,2024-01-04T18:15:00Z,TRUE,TRUE,FALSE,FALSE,0 _ 2,Full-Time,
19,19,4205528,Las Palmas,Barcelona,2024-01-04T20:30:00Z,TRUE,TRUE,FALSE,FALSE,1_2,Full-Time,
20,20,4205542,Sevilla,Deportivo Alaves,2024-01-12T20:00:00Z,TRUE,TRUE,FALSE,FALSE,2_3,Full-Time,
20,20,4205540,Las Palmas,Villarreal,2024-01-13T13:05:00Z,TRUE,TRUE,FALSE,FALSE,3_0,Full-Time,
20,20,4205541,Mallorca,Celta Vigo,2024-01-13T15:15:00Z,TRUE,TRUE,FALSE,FALSE,1_1,Full-Time,
20,20,4205534,Athletic Club,Real Sociedad,2024-01-13T17:30:00Z,TRUE,TRUE,FALSE,FALSE,2_1,Full-Time,
20,20,4205537,Real Betis,Granada,2024-01-13T20:00:00Z,TRUE,TRUE,FALSE,FALSE,1_0,Full-Time,
20,20,4205533,Almeria,Girona,2024-01-14T13:00:00Z,TRUE,TRUE,FALSE,FALSE,0 _ 0,Full-Time,
20,20,4205538,Cadiz,Valencia,2024-01-14T15:15:00Z,TRUE,TRUE,FALSE,FALSE,1_4,Full-Time,
21,21,4205545,Deportivo Alaves,Cadiz,2024-01-19T20:00:00Z,TRUE,TRUE,FALSE,FALSE,1_0,Full-Time,
21,21,4205552,Rayo Vallecano,Las Palmas,2024-01-20T13:00:00Z,TRUE,TRUE,FALSE,FALSE,0 _ 2,Full-Time,
21,21,4205551,Villarreal,Mallorca,2024-01-20T15:15:00Z,TRUE,TRUE,FALSE,FALSE,1_1,Full-Time,
21,21,4205547,Valencia,Athletic Club,2024-01-20T17:30:00Z,TRUE,TRUE,FALSE,FALSE,1_0,Full-Time,
21,21,4205543,Celta Vigo,Real Sociedad,2024-01-20T20:00:00Z,TRUE,TRUE,FALSE,FALSE,0 _ 1,Full-Time,
21,21,4205550,Osasuna,Getafe,2024-01-21T13:00:00Z,TRUE,TRUE,FALSE,FALSE,3_2,Full-Time,
21,21,4205546,Real Madrid,Almeria,2024-01-21T15:15:00Z,TRUE,TRUE,FALSE,FALSE,3_2,Full-Time,
21,21,4205549,Real Betis,Barcelona,2024-01-21T17:30:00Z,TRUE,TRUE,FALSE,FALSE,2_4,Full-Time,
21,21,4205544,Girona,Sevilla,2024-01-21T20:00:00Z,TRUE,TRUE,FALSE,FALSE,5_1,Full-Time,
21,21,4205548,Granada,Atletico Madrid,2024-01-22T20:00:00Z,TRUE,TRUE,FALSE,FALSE,0 _ 1,Full-Time,
22,22,4205562,Almeria,Deportivo Alaves,2024-01-26T20:00:00Z,TRUE,TRUE,FALSE,FALSE,0 _ 3,Full-Time,
22,22,4205561,Real Sociedad,Rayo Vallecano,2024-01-27T13:00:00Z,TRUE,TRUE,FALSE,FALSE,0 _ 0,Full-Time,
22,22,4205557,Las Palmas,Real Madrid,2024-01-27T15:15:00Z,TRUE,TRUE,FALSE,FALSE,1_2,Full-Time,
22,22,4205554,Barcelona,Villarreal,2024-01-27T17:30:00Z,TRUE,TRUE,FALSE,FALSE,3_5,Full-Time,
22,22,4205559,Mallorca,Real Betis,2024-01-27T20:00:00Z,TRUE,TRUE,FALSE,FALSE,0 _ 1,Full-Time,
22,22,4205555,Celta Vigo,Girona,2024-01-28T13:00:00Z,TRUE,TRUE,FALSE,FALSE,0 _ 1,Full-Time,
22,22,4205558,Cadiz,Athletic Club,2024-01-28T15:15:00Z,TRUE,TRUE,FALSE,FALSE,0 _ 0,Full-Time,
22,22,4205560,Sevilla,Osasuna,2024-01-28T17:30:00Z,TRUE,TRUE,FALSE,FALSE,1_1,Full-Time,
22,22,4205553,Atletico Madrid,Valencia,2024-01-28T20:00:00Z,TRUE,TRUE,FALSE,FALSE,2_0,Full-Time,
22,22,4205556,Getafe,Granada,2024-01-29T20:00:00Z,TRUE,TRUE,FALSE,FALSE,2_0,Full-Time,
20,20,4205536,Barcelona,Osasuna,2024-01-31T18:00:00Z,TRUE,TRUE,FALSE,FALSE,1_0,Full-Time,
20,20,4205535,Atletico Madrid,Rayo Vallecano,2024-01-31T20:00:00Z,TRUE,TRUE,FALSE,FALSE,2_1,Full-Time,
20,20,4205539,Getafe,Real Madrid,2024-02-01T20:00:00Z,TRUE,TRUE,FALSE,FALSE,0 _ 2,Full-Time,
23,23,4205563,Athletic Club,Mallorca,2024-02-02T20:00:00Z,TRUE,TRUE,FALSE,FALSE,4_0,Full-Time,
23,23,4205569,Valencia,Almeria,2024-02-03T13:00:00Z,TRUE,TRUE,FALSE,FALSE,2_1,Full-Time,
23,23,4205567,Granada,Las Palmas,2024-02-03T15:15:00Z,TRUE,TRUE,FALSE,FALSE,1_1,Full-Time,
23,23,4205568,Deportivo Alaves,Barcelona,2024-02-03T17:30:00Z,TRUE,TRUE,FALSE,FALSE,1_3,Full-Time,
23,23,4205565,Girona,Real Sociedad,2024-02-03T20:00:00Z,TRUE,TRUE,FALSE,FALSE,0 _ 0,Full-Time,
23,23,4205571,Villarreal,Cadiz,2024-02-04T13:00:00Z,TRUE,TRUE,FALSE,FALSE,0 _ 0,Full-Time,
23,23,4205572,Osasuna,Celta Vigo,2024-02-04T15:15:00Z,TRUE,TRUE,FALSE,FALSE,0 _ 3,Full-Time,
23,23,4205564,Real Betis,Getafe,2024-02-04T17:30:00Z,TRUE,TRUE,FALSE,FALSE,1_1,Full-Time,
23,23,4205570,Real Madrid,Atletico Madrid,2024-02-04T20:00:00Z,TRUE,TRUE,FALSE,FALSE,1_1,Full-Time,
23,23,4205566,Rayo Vallecano,Sevilla,2024-02-05T20:00:00Z,TRUE,TRUE,FALSE,FALSE,1_2,Full-Time,
24,24,4205579,Cadiz,Real Betis,2024-02-09T20:00:00Z,TRUE,TRUE,FALSE,FALSE,0 _ 2,Full-Time,
24,24,4205577,Deportivo Alaves,Villarreal,2024-02-10T13:00:00Z,TRUE,TRUE,FALSE,FALSE,1_1,Full-Time,
24,24,4205582,Real Sociedad,Osasuna,2024-02-10T15:15:00Z,TRUE,TRUE,FALSE,FALSE,0 _ 1,Full-Time,
24,24,4205581,Real Madrid,Girona,2024-02-10T17:30:00Z,TRUE,TRUE,FALSE,FALSE,4_0,Full-Time,
24,24,4205576,Las Palmas,Valencia,2024-02-10T20:00:00Z,TRUE,TRUE,FALSE,FALSE,2_0,Full-Time,
24,24,4205580,Getafe,Celta Vigo,2024-02-11T13:00:00Z,TRUE,TRUE,FALSE,FALSE,3_2,Full-Time,
24,24,4205575,Mallorca,Rayo Vallecano,2024-02-11T15:15:00Z,TRUE,TRUE,FALSE,FALSE,2_1,Full-Time,
24,24,4205578,Sevilla,Atletico Madrid,2024-02-11T17:30:00Z,TRUE,TRUE,FALSE,FALSE,1_0,Full-Time,
24,24,4205574,Barcelona,Granada,2024-02-11T20:00:00Z,TRUE,TRUE,FALSE,FALSE,3_3,Full-Time,
24,24,4205573,Almeria,Athletic Club,2024-02-12T20:00:00Z,TRUE,TRUE,FALSE,FALSE,0 _ 0,Full-Time,
25,25,4205590,Villarreal,Getafe,2024-02-16T20:00:00Z,TRUE,TRUE,FALSE,FALSE,1_1,Full-Time,
25,25,4205584,Atletico Madrid,Las Palmas,2024-02-17T13:00:00Z,TRUE,TRUE,FALSE,FALSE,5_0,Full-Time,
25,25,4205589,Osasuna,Cadiz,2024-02-17T15:15:00Z,TRUE,TRUE,FALSE,FALSE,2_0,Full-Time,
25,25,4205588,Celta Vigo,Barcelona,2024-02-17T17:30:00Z,TRUE,TRUE,FALSE,FALSE,1_2,Full-Time,
25,25,4205591,Valencia,Sevilla,2024-02-17T20:00:00Z,TRUE,TRUE,FALSE,FALSE,0 _ 0,Full-Time,
25,25,4205586,Rayo Vallecano,Real Madrid,2024-02-18T13:00:00Z,TRUE,TRUE,FALSE,FALSE,1_1,Full-Time,
25,25,4205587,Granada,Almeria,2024-02-18T15:15:00Z,TRUE,TRUE,FALSE,FALSE,1_1,Full-Time,
25,25,4205585,Mallorca,Real Sociedad,2024-02-18T17:30:00Z,TRUE,TRUE,FALSE,FALSE,1_2,Full-Time,
25,25,4205592,Real Betis,Deportivo Alaves,2024-02-18T20:00:00Z,TRUE,TRUE,FALSE,FALSE,0 _ 0,Full-Time,
25,25,4205583,Athletic Club,Girona,2024-02-19T20:00:00Z,TRUE,TRUE,FALSE,FALSE,3_2,Full-Time,
26,26,4205598,Real Sociedad,Villarreal,2024-02-23T20:00:00Z,TRUE,TRUE,FALSE,FALSE,1_3,Full-Time,
26,26,4205594,Barcelona,Getafe,2024-02-24T15:15:00Z,TRUE,TRUE,FALSE,FALSE,4_0,Full-Time,
26,26,4205601,Deportivo Alaves,Mallorca,2024-02-24T17:30:00Z,TRUE,TRUE,FALSE,FALSE,1_1,Full-Time,
26,26,4205593,Almeria,Atletico Madrid,2024-02-24T20:00:00Z,TRUE,TRUE,FALSE,FALSE,2_2,Full-Time,
26,26,4205595,Cadiz,Celta Vigo,2024-02-25T13:00:00Z,TRUE,TRUE,FALSE,FALSE,2_2,Full-Time,
26,26,4205602,Real Betis,Athletic Club,2024-02-25T15:15:00Z,TRUE,TRUE,FALSE,FALSE,3_1,Full-Time,
26,26,4205600,Las Palmas,Osasuna,2024-02-25T17:30:00Z,TRUE,TRUE,FALSE,FALSE,1_1,Full-Time,
26,26,4205597,Real Madrid,Sevilla,2024-02-25T20:00:00Z,TRUE,TRUE,FALSE,FALSE,1_0,Full-Time,
26,26,4205596,Girona,Rayo Vallecano,2024-02-26T20:00:00Z,TRUE,TRUE,FALSE,FALSE,3_0,Full-Time,
27,27,4205606,Celta Vigo,Almeria,2024-03-01T20:00:00Z,TRUE,TRUE,FALSE,FALSE,1_0,Full-Time,
27,27,4205610,Sevilla,Real Sociedad,2024-03-02T13:00:00Z,TRUE,TRUE,FALSE,FALSE,3_2,Full-Time,
27,27,4205607,Rayo Vallecano,Cadiz,2024-03-02T15:15:00Z,TRUE,TRUE,FALSE,FALSE,1_1,Full-Time,
27,27,4205605,Getafe,Las Palmas,2024-03-02T17:30:00Z,TRUE,TRUE,FALSE,FALSE,3_3,Full-Time,
27,27,4205609,Valencia,Real Madrid,2024-03-02T20:00:00Z,TRUE,TRUE,FALSE,FALSE,2_2,Full-Time,
27,27,4205611,Villarreal,Granada,2024-03-03T13:00:00Z,TRUE,TRUE,FALSE,FALSE,5_1,Full-Time,
27,27,4205604,Atletico Madrid,Real Betis,2024-03-03T15:15:00Z,TRUE,TRUE,FALSE,FALSE,2_1,Full-Time,
27,27,4205608,Mallorca,Girona,2024-03-03T17:30:00Z,TRUE,TRUE,FALSE,FALSE,1_0,Full-Time,
27,27,4205603,Athletic Club,Barcelona,2024-03-03T20:00:00Z,TRUE,TRUE,FALSE,FALSE,0 _ 0,Full-Time,
27,27,4205612,Osasuna,Deportivo Alaves,2024-03-04T20:00:00Z,TRUE,TRUE,FALSE,FALSE,1_0,Full-Time,
28,28,4205614,Barcelona,Mallorca,2024-03-08T20:00:00Z,TRUE,TRUE,FALSE,FALSE,1_0,Full-Time,
28,28,4205622,Valencia,Getafe,2024-03-09T13:00:00Z,TRUE,TRUE,FALSE,FALSE,1_0,Full-Time,
28,28,4205620,Cadiz,Atletico Madrid,2024-03-09T15:15:00Z,TRUE,TRUE,FALSE,FALSE,2_0,Full-Time,
28,28,4205617,Granada,Real Sociedad,2024-03-09T17:30:00Z,TRUE,TRUE,FALSE,FALSE,2_3,Full-Time,
28,28,4205616,Girona,Osasuna,2024-03-09T20:00:00Z,TRUE,TRUE,FALSE,FALSE,2_0,Full-Time,
28,28,4205618,Deportivo Alaves,Rayo Vallecano,2024-03-10T13:00:00Z,TRUE,TRUE,FALSE,FALSE,1_0,Full-Time,
28,28,4205619,Las Palmas,Athletic Club,2024-03-10T15:15:00Z,TRUE,TRUE,FALSE,FALSE,0 _ 2,Full-Time,
28,28,4205621,Real Madrid,Celta Vigo,2024-03-10T17:30:00Z,TRUE,TRUE,FALSE,FALSE,4_0,Full-Time,
28,28,4205615,Real Betis,Villarreal,2024-03-10T20:00:00Z,TRUE,TRUE,FALSE,FALSE,2_3,Full-Time,
28,28,4205613,Almeria,Sevilla,2024-03-11T20:00:00Z,TRUE,TRUE,FALSE,FALSE,2_2,Full-Time,
29,29,4205628,Real Sociedad,Cadiz,2024-03-15T20:00:00Z,TRUE,TRUE,FALSE,FALSE,2_0,Full-Time,
29,29,4205631,Mallorca,Granada,2024-03-16T13:00:00Z,TRUE,TRUE,FALSE,FALSE,1_0,Full-Time,
29,29,4205625,Osasuna,Real Madrid,2024-03-16T15:15:00Z,TRUE,TRUE,FALSE,FALSE,2_4,Full-Time,
29,29,4205624,Getafe,Girona,2024-03-16T17:30:00Z,TRUE,TRUE,FALSE,FALSE,1_0,Full-Time,
29,29,4205632,Athletic Club,Deportivo Alaves,2024-03-16T20:00:00Z,TRUE,TRUE,FALSE,FALSE,2_0,Full-Time,
29,29,4205629,Sevilla,Celta Vigo,2024-03-17T13:00:00Z,TRUE,TRUE,FALSE,FALSE,1_2,Full-Time,
29,29,4205626,Las Palmas,Almeria,2024-03-17T15:15:00Z,TRUE,TRUE,FALSE,FALSE,0 _ 1,Full-Time,
29,29,4205630,Villarreal,Valencia,2024-03-17T15:15:00Z,TRUE,TRUE,FALSE,FALSE,1_0,Full-Time,
29,29,4205627,Rayo Vallecano,Real Betis,2024-03-17T17:30:00Z,TRUE,TRUE,FALSE,FALSE,2_0,Full-Time,
29,29,4205623,Atletico Madrid,Barcelona,2024-03-17T20:00:00Z,TRUE,TRUE,FALSE,FALSE,0 _ 3,Full-Time,
30,30,4205635,Cadiz,Granada,2024-03-29T20:00:00Z,TRUE,TRUE,FALSE,FALSE,1_0,Full-Time,
30,30,4205637,Getafe,Sevilla,2024-03-30T13:00:00Z,TRUE,TRUE,FALSE,FALSE,0 _ 1,Full-Time,
30,30,4205633,Almeria,Osasuna,2024-03-30T15:15:00Z,TRUE,TRUE,FALSE,FALSE,0 _ 3,Full-Time,
30,30,4205642,Valencia,Mallorca,2024-03-30T17:30:00Z,TRUE,TRUE,FALSE,FALSE,0 _ 0,Full-Time,
30,30,4205634,Barcelona,Las Palmas,2024-03-30T20:00:00Z,TRUE,TRUE,FALSE,FALSE,1_0,Full-Time,
30,30,4205636,Celta Vigo,Rayo Vallecano,2024-03-31T12:00:00Z,TRUE,TRUE,FALSE,FALSE,0 _ 0,Full-Time,
30,30,4205641,Girona,Real Betis,2024-03-31T14:15:00Z,TRUE,TRUE,FALSE,FALSE,3_2,Full-Time,
30,30,4205638,Deportivo Alaves,Real Sociedad,2024-03-31T16:30:00Z,TRUE,TRUE,FALSE,FALSE,0 _ 1,Full-Time,
30,30,4205639,Real Madrid,Athletic Club,2024-03-31T19:00:00Z,TRUE,TRUE,FALSE,FALSE,2_0,Full-Time,
30,30,4205640,Villarreal,Atletico Madrid,2024-04-01T19:00:00Z,TRUE,TRUE,FALSE,FALSE,1_2,Full-Time,
26,26,4205599,Granada,Valencia,2024-04-04T18:00:00Z,TRUE,TRUE,FALSE,FALSE,0 _ 1,Full-Time,
31,31,4205645,Real Betis,Celta Vigo,2024-04-12T19:00:00Z,TRUE,TRUE,FALSE,FALSE,2_1,Full-Time,
31,31,4205644,Atletico Madrid,Girona,2024-04-13T12:00:00Z,TRUE,TRUE,FALSE,FALSE,3_1,Full-Time,
31,31,4205651,Rayo Vallecano,Getafe,2024-04-13T14:15:00Z,TRUE,TRUE,FALSE,FALSE,0 _ 0,Full-Time,
31,31,4205646,Mallorca,Real Madrid,2024-04-13T16:30:00Z,TRUE,TRUE,FALSE,FALSE,0 _ 1,Full-Time,
31,31,4205650,Cadiz,Barcelona,2024-04-13T19:00:00Z,TRUE,TRUE,FALSE,FALSE,0 _ 1,Full-Time,
31,31,4205648,Las Palmas,Sevilla,2024-04-14T12:00:00Z,TRUE,TRUE,FALSE,FALSE,0 _ 2,Full-Time,
31,31,4205652,Granada,Deportivo Alaves,2024-04-14T14:15:00Z,TRUE,TRUE,FALSE,FALSE,2_0,Full-Time,
31,31,4205643,Athletic Club,Villarreal,2024-04-14T16:30:00Z,TRUE,TRUE,FALSE,FALSE,1_1,Full-Time,
31,31,4205649,Real Sociedad,Almeria,2024-04-14T19:00:00Z,TRUE,TRUE,FALSE,FALSE,2_2,Full-Time,
31,31,4205647,Osasuna,Valencia,2024-04-15T19:00:00Z,TRUE,TRUE,FALSE,FALSE,0 _ 1,Full-Time,
32,32,4205654,Athletic Club,Granada,2024-04-19T19:00:00Z,TRUE,TRUE,FALSE,FALSE,1_1,Full-Time,
32,32,4205655,Celta Vigo,Las Palmas,2024-04-20T12:00:00Z,TRUE,TRUE,FALSE,FALSE,4_1,Full-Time,
32,32,4205662,Rayo Vallecano,Osasuna,2024-04-20T14:15:00Z,TRUE,TRUE,FALSE,FALSE,2_1,Full-Time,
32,32,4205659,Valencia,Real Betis,2024-04-20T16:30:00Z,TRUE,TRUE,FALSE,FALSE,1_2,Full-Time,
32,32,4205660,Girona,Cadiz,2024-04-20T19:00:00Z,TRUE,TRUE,FALSE,FALSE,4_1,Full-Time,
32,32,4205656,Getafe,Real Sociedad,2024-04-21T12:00:00Z,TRUE,TRUE,FALSE,FALSE,1_1,Full-Time,
32,32,4205653,Almeria,Villarreal,2024-04-21T14:15:00Z,TRUE,TRUE,FALSE,FALSE,1_2,Full-Time,
32,32,4205657,Deportivo Alaves,Atletico Madrid,2024-04-21T16:30:00Z,TRUE,TRUE,FALSE,FALSE,2_0,Full-Time,
32,32,4205658,Real Madrid,Barcelona,2024-04-21T19:00:00Z,TRUE,TRUE,FALSE,FALSE,3_2,Full-Time,
32,32,4205661,Sevilla,Mallorca,2024-04-22T19:00:00Z,TRUE,TRUE,FALSE,FALSE,2_1,Full-Time,
33,33,4205672,Real Sociedad,Real Madrid,2024-04-26T19:00:00Z,TRUE,TRUE,FALSE,FALSE,0 _ 1,Full-Time,
33,33,4205670,Las Palmas,Girona,2024-04-27T12:00:00Z,TRUE,TRUE,FALSE,FALSE,0 _ 2,Full-Time,
33,33,4205663,Almeria,Getafe,2024-04-27T14:15:00Z,TRUE,TRUE,FALSE,FALSE,1_3,Full-Time,
33,33,4205668,Deportivo Alaves,Celta Vigo,2024-04-27T16:30:00Z,TRUE,TRUE,FALSE,FALSE,3_0,Full-Time,
33,33,4205669,Atletico Madrid,Athletic Club,2024-04-27T19:00:00Z,TRUE,TRUE,FALSE,FALSE,3_1,Full-Time,
33,33,4205666,Cadiz,Mallorca,2024-04-28T12:00:00Z,TRUE,TRUE,FALSE,FALSE,1_1,Full-Time,
33,33,4205667,Granada,Osasuna,2024-04-28T14:15:00Z,TRUE,TRUE,FALSE,FALSE,3_0,Full-Time,
33,33,4205671,Villarreal,Rayo Vallecano,2024-04-28T16:30:00Z,TRUE,TRUE,FALSE,FALSE,3_0,Full-Time,
33,33,4205665,Real Betis,Sevilla,2024-04-28T19:00:00Z,TRUE,TRUE,FALSE,FALSE,1_1,Full-Time,
33,33,4205664,Barcelona,Valencia,2024-04-29T19:00:00Z,TRUE,TRUE,FALSE,FALSE,4_2,Full-Time,
34,34,4205675,Getafe,Athletic Club,2024-05-03T19:00:00Z,TRUE,TRUE,FALSE,FALSE,0 _ 2,Full-Time,
34,34,4205681,Real Sociedad,Las Palmas,2024-05-04T12:00:00Z,TRUE,TRUE,FALSE,FALSE,2_0,Full-Time,
34,34,4205679,Real Madrid,Cadiz,2024-05-04T14:15:00Z,TRUE,TRUE,FALSE,FALSE,3_0,Full-Time,
34,34,4205677,Girona,Barcelona,2024-05-04T16:30:00Z,TRUE,TRUE,FALSE,FALSE,4_2,Full-Time,
34,34,4205676,Mallorca,Atletico Madrid,2024-05-04T19:00:00Z,TRUE,TRUE,FALSE,FALSE,0 _ 1,Full-Time,
34,34,4205678,Osasuna,Real Betis,2024-05-05T12:00:00Z,TRUE,TRUE,FALSE,FALSE,0 _ 2,Full-Time,
34,34,4205673,Celta Vigo,Villarreal,2024-05-05T14:15:00Z,TRUE,TRUE,FALSE,FALSE,3_2,Full-Time,
34,34,4205682,Valencia,Deportivo Alaves,2024-05-05T16:30:00Z,TRUE,TRUE,FALSE,FALSE,0 _ 1,Full-Time,
34,34,4205674,Rayo Vallecano,Almeria,2024-05-05T19:00:00Z,TRUE,TRUE,FALSE,FALSE,0 _ 1,Full-Time,
34,34,4205680,Sevilla,Granada,2024-05-05T19:00:00Z,TRUE,TRUE,FALSE,FALSE,3_0,Full-Time,
35,35,4205688,Deportivo Alaves,Girona,2024-05-10T19:00:00Z,TRUE,TRUE,FALSE,FALSE,2_2,Full-Time,
35,35,4205692,Mallorca,Las Palmas,2024-05-11T12:00:00Z,TRUE,TRUE,FALSE,FALSE,1_0,Full-Time,
35,35,4205691,Villarreal,Sevilla,2024-05-11T14:15:00Z,TRUE,TRUE,FALSE,FALSE,3_2,Full-Time,
35,35,4205687,Granada,Real Madrid,2024-05-11T16:30:00Z,TRUE,TRUE,FALSE,FALSE,0 _ 4,Full-Time,
35,35,4205683,Athletic Club,Osasuna,2024-05-11T19:00:00Z,TRUE,TRUE,FALSE,FALSE,2_2,Full-Time,
35,35,4205686,Cadiz,Getafe,2024-05-12T12:00:00Z,TRUE,TRUE,FALSE,FALSE,1_0,Full-Time,
35,35,4205684,Atletico Madrid,Celta Vigo,2024-05-12T14:15:00Z,TRUE,TRUE,FALSE,FALSE,1_0,Full-Time,
35,35,4205690,Valencia,Rayo Vallecano,2024-05-12T16:30:00Z,TRUE,TRUE,FALSE,FALSE,0 _ 0,Full-Time,
35,35,4205689,Real Betis,Almeria,2024-05-12T19:00:00Z,TRUE,TRUE,FALSE,FALSE,3_2,Full-Time,
35,35,4205685,Barcelona,Real Sociedad,2024-05-13T19:00:00Z,TRUE,TRUE,FALSE,FALSE,2_0,Full-Time,
36,36,4205700,Osasuna,Mallorca,2024-05-14T17:30:00Z,TRUE,TRUE,FALSE,FALSE,1_1,Full-Time,
36,36,4205702,Real Madrid,Deportivo Alaves,2024-05-14T19:30:00Z,TRUE,TRUE,FALSE,FALSE,5_0,Full-Time,
36,36,4205694,Girona,Villarreal,2024-05-14T20:00:00Z,TRUE,TRUE,FALSE,FALSE,0 _ 1,Full-Time,
36,36,4205701,Rayo Vallecano,Granada,2024-05-15T17:30:00Z,TRUE,TRUE,FALSE,FALSE,2_1,Full-Time,
36,36,4205699,Sevilla,Cadiz,2024-05-15T17:30:00Z,TRUE,TRUE,FALSE,FALSE,0 _ 1,Full-Time,
36,36,4205696,Celta Vigo,Athletic Club,2024-05-15T20:00:00Z,TRUE,TRUE,FALSE,FALSE,2_1,Full-Time,
36,36,4205697,Getafe,Atletico Madrid,2024-05-15T20:00:00Z,TRUE,TRUE,FALSE,FALSE,0 _ 3,Full-Time,
36,36,4205698,Las Palmas,Real Betis,2024-05-16T17:30:00Z,TRUE,TRUE,FALSE,FALSE,2_2,Full-Time,
36,36,4205693,Almeria,Barcelona,2024-05-16T19:30:00Z,TRUE,TRUE,FALSE,FALSE,0 _ 2,Full-Time,
36,36,4205695,Real Sociedad,Valencia,2024-05-16T20:00:00Z,TRUE,TRUE,FALSE,FALSE,1_0,Full-Time,
37,37,4205708,Deportivo Alaves,Getafe,2024-05-18T19:00:00Z,TRUE,TRUE,FALSE,FALSE,1_0,Full-Time,
37,37,4205703,Athletic Club,Sevilla,2024-05-19T17:00:00Z,TRUE,TRUE,FALSE,FALSE,2_0,Full-Time,
37,37,4205704,Atletico Madrid,Osasuna,2024-05-19T17:00:00Z,TRUE,TRUE,FALSE,FALSE,1_4,Full-Time,
37,37,4205705,Barcelona,Rayo Vallecano,2024-05-19T17:00:00Z,TRUE,TRUE,FALSE,FALSE,3_0,Full-Time,
37,37,4205707,Cadiz,Las Palmas,2024-05-19T17:00:00Z,TRUE,TRUE,FALSE,FALSE,0 _ 0,Full-Time,
37,37,4205710,Granada,Celta Vigo,2024-05-19T17:00:00Z,TRUE,TRUE,FALSE,FALSE,1_2,Full-Time,
37,37,4205709,Mallorca,Almeria,2024-05-19T17:00:00Z,TRUE,TRUE,FALSE,FALSE,2_2,Full-Time,
37,37,4205706,Real Betis,Real Sociedad,2024-05-19T17:00:00Z,TRUE,TRUE,FALSE,FALSE,0 _ 2,Full-Time,
37,37,4205711,Valencia,Girona,2024-05-19T17:00:00Z,TRUE,TRUE,FALSE,FALSE,1_3,Full-Time,
37,37,4205712,Villarreal,Real Madrid,2024-05-19T17:00:00Z,TRUE,TRUE,FALSE,FALSE,4_4,Full-Time,
38,38,4205716,Girona,Granada,2024-05-24T19:00:00Z,TRUE,TRUE,FALSE,FALSE,7_0,Full-Time,
38,38,4205717,Osasuna,Villarreal,2024-05-25T12:00:00Z,TRUE,TRUE,FALSE,FALSE,1_1,Full-Time,
38,38,4205719,Real Sociedad,Atletico Madrid,2024-05-25T14:15:00Z,TRUE,TRUE,FALSE,FALSE,0 _ 2,Full-Time,
38,38,4205713,Almeria,Cadiz,2024-05-25T16:30:00Z,TRUE,TRUE,FALSE,FALSE,6_1,Full-Time,
38,38,4205718,Rayo Vallecano,Athletic Club,2024-05-25T16:30:00Z,TRUE,TRUE,FALSE,FALSE,0 _ 1,Full-Time,
38,38,4205721,Real Madrid,Real Betis,2024-05-25T19:00:00Z,TRUE,TRUE,FALSE,FALSE,0 _ 0,Full-Time,
38,38,4205715,Getafe,Mallorca,2024-05-26T12:00:00Z,TRUE,TRUE,FALSE,FALSE,1_2,Full-Time,
38,38,4205714,Celta Vigo,Valencia,2024-05-26T14:15:00Z,TRUE,TRUE,FALSE,FALSE,2_2,Full-Time,
38,38,4205722,Las Palmas,Deportivo Alaves,2024-05-26T14:15:00Z,TRUE,TRUE,FALSE,FALSE,1_1,Full-Time,
38,38,4205720,Sevilla,Barcelona,2024-05-26T19:05:00Z,TRUE,TRUE,FALSE,FALSE,1_2,Full-Time,
